序號,韓文單字,羅馬拼音,中文解釋,英文釋義,TOPIK等級,詞性說明
5667,홍콩,hongkong,香港,Hong Kong,D,專有名詞 (Proper Noun / 고유명사)，如 대구（大邱）。
5668,대만,daeman,台灣（臺灣）,Taiwan,D,專有名詞 (Proper Noun / 고유명사)，如 대구（大邱）。
5669,로스앤젤레스,roseuaenjellesseu,洛杉磯（LA）,Los Angeles (LA),D,專有名詞 (Proper Noun / 고유명사)，如 대구（大邱）。
5670,잘자,jalja,早唞、晚安（平語/非敬語，對朋友晚輩）,"Good night, sleep tight (informal)",A,不變化詞 / 獨立詞 / 未分類詞），用來標記如 그래도（即使那樣/仍然）、걔（那孩子）、그래（是的/那樣） 等
5671,잘 자요,jal jayo,晚安、早唞（日常敬語 / 해요體）,Good night (polite / informal polite),A,不變化詞 / 獨立詞 / 未分類詞），用來標記如 그래도（即使那樣/仍然）、걔（那孩子）、그래（是的/那樣） 等
5672,안녕히 주무세요,annyeonghi jumuseyo,祝您晚安安睡、早唞（長輩/上司尊稱敬語）,"Good night, sleep peacefully (formal honorific / respectful)",A,不變化詞 / 獨立詞 / 未分類詞），用來標記如 그래도（即使那樣/仍然）、걔（那孩子）、그래（是的/那樣） 等
5673,초급,chogeup,初級、初階,"Beginner level, elementary grade",A,名詞 (Noun / 명사)，如 사람（人）、집（家）。
5674,요가,yoga,瑜珈（瑜伽）,Yoga,A,名詞 (Noun / 명사)，如 사람（人）、집（家）。
5675,봐,bwa,睇下、睇睇、看、看吧（動詞 보다 平語口語形）,"Look, see, watch (informal spoken form of 보다)",A,動詞 (Verb / 동사)，如 하다（做）、가다（去）。
5676,회,hoe,生魚片、生肉片（膾）,"Raw fish, sashimi, raw meat dish (hoe)",A,名詞 (Noun / 명사)，如 사람（人）、집（家）。
5677,안녕하세요,annyeonghaseyo,您好、你好（日常最常用敬語問候）,"Hello, good day, how are you (polite)",A,不變化詞 / 獨立詞 / 未分類詞），用來標記如 그래도（即使那樣/仍然）、걔（那孩子）、그래（是的/那樣） 等
5678,감사합니다,gamsahapnida,感謝您、謝謝（正式最高敬語）,"Thank you, thank you very much (formal)",A,不變化詞 / 獨立詞 / 未分類詞），用來標記如 그래도（即使那樣/仍然）、걔（那孩子）、그래（是的/那樣） 等
5679,고마워요,gomawoyo,謝謝你、多謝（해요體親切敬語，原形 고맙다）,Thank you (informal polite / 해요체),A,形容詞 (Adjective / 형용사)，如 크다（大）、좋다（好）。
5680,귀여워요,gwiyeowoyo,好可愛、真可愛（해요體現在式，原形 귀엽다）,"Cute, so cute (polite present of 귀엽다)",A,形容詞 (Adjective / 형용사)，如 크다（大）、좋다（好）。
5681,괜찮아요,gwaenchanhayo,沒關係、還可以、沒事（해요體日常敬語，原形 괜찮다）,"It's okay, alright, no problem (polite)",A,形容詞 (Adjective / 형용사)，如 크다（大）、좋다（好）。
5682,알았어,alasseo,知道了、明白、好（動詞 알다 平語口語形）,"Got it, I understand, okay (informal)",A,動詞 (Verb / 동사)，如 하다（做）、가다（去）。
5683,돌솥,dolsot,石鍋、石釜（如石鍋拌飯 돌솥비빔밥）,"Stone pot, stone bowl (hot stone pot for bibimbap)",A,名詞 (Noun / 명사)，如 사람（人）、집（家）。
5684,로마,roma,羅馬（義大利首都、古羅馬）,"Rome (capital of Italy, ancient Rome)",D,專有名詞 (Proper Noun / 고유명사)，如 대구（大邱）。
5685,우비,ubi,雨衣、雨披（漢字詞：雨衣）,"Raincoat, rain poncho",A,名詞 (Noun / 명사)，如 사람（人）、집（家）。
5686,티비,tibi,電視、TV（電視機，日常高頻口語簡稱）,"TV, television (colloquial abbreviation of 텔레비전)",A,名詞 (Noun / 명사)，如 사람（人）、집（家）。
5687,돼지,dwaeji,豬（家豬、十二生肖之一）,"Pig, hog, swine",A,名詞 (Noun / 명사)，如 사람（人）、집（家）。
5688,래퍼,raepeo,饒舌歌手、說唱歌手、Rapper（外來語）,Rapper (hip-hop artist),A,名詞 (Noun / 명사)，如 사람（人）、집（家）。
5689,케이크,keikeu,蛋糕、Cake（西點外來語，口語亦常寫作 케익）,Cake,A,名詞 (Noun / 명사)，如 사람（人）、집（家）。
5690,습니다,seupnida,【格式體最高敬語終結詞尾（하십시오體）】① 何時用：用於正式場合、職場匯報、演講發表、公務會議、初次見面或向長輩/上司表示崇高敬意。② 音變：終聲 ㅂ 遇 ㄴ 發生鼻音化，實際讀作 [슴니다],Formal polite declarative sentence ending (deferential / 하십시오체). Used in formal/business settings or addressing superiors.,A,補助詞 (Auxiliary Particle / 보조사) 或其他接尾助詞。
5691,요,yo,【非格式體日常敬語終結詞尾 & 助詞（해요體）】① 何時用：日常生活中最常用、最親切自然的敬語。用於同事、朋友、店員、一般社交或長輩（非極正式場合），禮貌客氣兼具親和力。② 語調：降調表示陳述/命令，升調表示疑問,Informal polite sentence ending / honorific particle (해요체). The most common polite ending in daily Korean life for friendly yet respectful conversation.,A,補助詞 (Auxiliary Particle / 보조사) 或其他接尾助詞。
5692,이/가,i/ga,【主格助詞（주격 조사）】標記句子主詞（誰做的/什麼狀態）。名詞「有收音」接 이（如 밥이、선생님이），「無收音」接 가（如 비가、친구가）。,"Subject marker particle (주격 조사). Attached to nouns to indicate the subject. '이' after consonants (batchim), '가' after vowels.",A,補助詞 (Auxiliary Particle / 보조사) 或其他接尾助詞。
5693,을/를,eul/reul,【受格助詞 / 賓格助詞（목적격 조사）】標記句子受詞（做什麼/動作對象）。名詞「有收音」接 을（如 밥을、책을），「無收音」接 를（如 커피를、영화를）。,"Object marker particle (목적격 조사). Attached to nouns to indicate the direct object. '을' after consonants (batchim), '를' after vowels.",A,補助詞 (Auxiliary Particle / 보조사) 或其他接尾助詞。
5694,패스트푸드,paeseuteupudeu,速食、快餐、Fast Food（如漢堡、炸雞、薯條等快餐食品，外來語）,"Fast food (burgers, fried chicken, french fries, etc.)",A,名詞 (Noun / 명사)，如 사람（人）、집（家）。
5695,패스트,paeseuteu,快速、Fast（外來語借詞，常見於 패스트 패션 快時尚、패스트 트랙 快速通道）,"Fast (loanword from English 'fast', used in fast fashion, fast track, etc.)",A,名詞 (Noun / 명사)，如 사람（人）、집（家）。
5696,푸드,pudeu,食物、食品、Food（外來語借詞，常見於 푸드 코트 美食廣場、푸드 트럭 餐車/美食車、소울푸드 療癒美食等）,"Food (loanword from English 'food', used in food court, food truck, soul food, etc.)",A,名詞 (Noun / 명사)，如 사람（人）、집（家）。
5697,친구들,chingudeul,朋友們（朋友「친구」+ 複數後綴「들」，表示複數個朋友/大家）,Friends (plural of 친구 with plural marker 들),A,名詞 (Noun / 명사)，如 사람（人）、집（家）。
5698,넋,neoks,魂、靈魂、心神、精神（雙收音 ㄳ 代表音 ㄱ，如 넋을 잃다 出神/失魂落魄、넋이 나가다 魂不守舍）,"Soul, spirit, mind (e.g. 넋을 잃다 to lose one's senses, be entranced)",B,名詞 (Noun / 명사)，如 사람（人）、집（家）。
5699,외곬,oegols,單一途徑、一條路、專一、死心眼（雙收音 ㄽ 代表音 ㄹ，如 외곬으로 專心致志地/一條路走到黑、외곬 인생 一心一意的人生）,"Single path, one-track mind, single-minded devotion (e.g. 외곬으로 single-mindedly)",B,名詞 (Noun / 명사)，如 사람（人）、집（家）。
5700,핥다,haltda,舔、舔舐（雙收音 ㄾ 代表音 ㄹ，如 고양이가 손을 핥다 貓舔手、아이스크림을 핥다 舔冰淇淋）,"To lick, lap up (e.g. cat licking paws, licking ice cream)",A,動詞 (Verb / 동사)，如 하다（做）、가다（去）。
5701,읊다,eulpda,吟誦、吟詠、誦讀（詩歌/文章）（雙收音 ㄿ 發右邊音 ㅂ/ㅍ，如 시를 읊다 吟詩）,"To recite, chant (a poem or verse)",B,動詞 (Verb / 동사)，如 하다（做）、가다（去）。
5702,곽,gwak,小盒子、包、盒、槨 (量詞/名詞：如牛奶盒、火柴盒、煙盒等紙盒；或指外槨、姓氏郭/霍),small box / pack / carton / case,A,名詞 (Noun / 명사)，如 사람（人）、집（家）。
5703,수분,subun,水分、水氣、濕度（漢字詞：水分；如 수분 크림 保濕霜、수분 섭취 補充水分）,"Moisture, water content, hydration",B,名詞 (Noun / 명사)，如 사람（人）、집（家）。
5704,동의,dongui,同意、贊成、認同（漢字詞：同意；如 동의서 同意書、동의를 구하다 尋求同意）,"Agreement, consent, approval",B,名詞 (Noun / 명사)，如 사람（人）、집（家）。
5705,인맥,inmaek,人脈、人際網絡、社交圈（漢字詞：人脈；如 인맥을 쌓다 累積人脈、넓은 인맥 廣泛的人脈）,"Personal connections, network, social ties",B,名詞 (Noun / 명사)，如 사람（人）、집（家）。
5706,신장,sinjang,身高/身材（身長）；腎臟；拓展/增強（伸長）（多義漢字詞：① 身長 ② 腎臟 ③ 伸長）,"Height/stature (身長); kidney (腎臟); expansion/growth (伸長)",B,名詞 (Noun / 명사)，如 사람（人）、집（家）。
5707,지연,jiyeon,延遲、耽擱、拖延（漢字詞：遲延；如 열차 지연 列車延誤、출발 지연 出發延期）,"Delay, postponement, retardation",B,名詞 (Noun / 명사)，如 사람（人）、집（家）。
5708,활약,hwalyak,活躍、大顯身手、出色表現（漢字詞：活躍；如 대활약 大顯身手、활약이 기대되다 令人期待其活躍表現）,"Outstanding activity, great performance, active role",B,名詞 (Noun / 명사)，如 사람（人）、집（家）。
5709,저기요,jeogiyo,那個... / 不好意思 / 服務員（在餐廳叫店員、呼喚服務生時的必備用語）,Excuse me (used to call a waiter/waitress),A,感嘆詞 / 呼格 (Interjection)
5710,주세요,juseyo,請給我... / 請給（點餐祈使敬語，動詞 주다 的 해요體敬語形）,Please give me (polite imperative of 주다),A,動詞 / 敬語句型 (Verb phrase)
5711,하나 주세요,hana juseyo,請給我一個（餐廳點餐常用短句：固有詞 1 + 請給我）,Please give me one (ordering phrase),A,常用句型 / 點餐短語 (Phrase)
5712,두 개,du gae,兩個（固有詞 2 + 個，計量名詞短語）,Two items / two (count),A,名詞 / 數量詞 (Numeral phrase)
5713,1인분,il-in-bun,一人份（餐廳烤肉、炒年糕、部隊鍋等餐點計量單位）,One serving / 1 portion,A,依存名詞 / 計量名詞 (Measure noun)
5714,2인분,i-in-bun,二人份 / 兩份（韓國烤肉店很多低消為 2人份起點）,Two servings / 2 portions,A,依存名詞 / 計量名詞 (Measure noun)
5715,소자로 주세요,so-ja-ro juseyo,請給我小份的 / 小碗的（소자 小號/小份 + 助詞 로 + 주세요）,Please give me the small size/portion,A,常用句型 / 點餐短語 (Phrase)
5716,중자로 주세요,jung-ja-ro juseyo,請給我中份的 / 中碗的（중자 中號/中份 + 助詞 로 + 주세요）,Please give me the medium size/portion,A,常用句型 / 點餐短語 (Phrase)
5717,대자로 주세요,dae-ja-ro juseyo,請給我大份的 / 大碗的（대자 大號/大份 + 助詞 로 + 주세요）,Please give me the large size/portion,A,常用句型 / 點餐短語 (Phrase)
5718,메뉴판,menyupan,菜單板 / 價目表 / 菜單（外來語 메뉴 Menu + 漢字 판 板）,"Menu board, menu",A,名詞 (Noun / 명사)，如 사람（人）、집（家）。
5719,모듬,modeum,綜合拼盤 / 什錦（如 모듬구이 綜合烤肉、모듬회 綜合生魚片；標準語寫作 모둠）,"Assorted platter, combo dish",A,名詞 (Noun / 명사)，如 사람（人）、집（家）。
5720,셀프,selpeu,自助 / Self（韓國餐廳極常見標示，如 물은 셀프 水是自取、반찬 셀프 小菜自助）,Self-service (loanword),A,名詞 / 外來語 (Noun / Loanword)
5721,단무지,danmuji,醃黃蘿蔔 / 黃蘿蔔片（吃炸醬麵、紫菜包飯必備甜脆醃蘿蔔）,Yellow pickled radish (danmuji),A,名詞 (Noun / 명사)，如 사람（人）、집（家）。
5722,깻잎,kkaennip,芝麻葉 / 紫蘇葉（包烤肉、包飯必備的清香生菜，讀音鼻音化 [깬닙]）,"Perilla leaves, sesame leaves (for wrapping meat)",A,名詞 (Noun / 명사)，如 사람（人）、집（家）。
5723,쌈장,ssamjang,包飯醬 / 韓式包肉沾醬（大醬加苦椒醬調製，包烤肉靈魂沾醬）,Ssamjang (Korean wrapping / dipping sauce),A,名詞 (Noun / 명사)，如 사람（人）、집（家）。
5724,기름장,gireumjang,香油鹽碟（麻油加胡椒鹽，沾烤五花肉或韓牛的解膩沾料）,Sesame oil with salt dip (for grilled meat),A,名詞 (Noun / 명사)，如 사람（人）、집（家）。
5725,멜젓,meljeot,醃鯷魚醬 / 濟州鯷魚醬（濟州黑豬肉必備沾醬，放烤盤上加熱沾肉）,Salted anchovy dipping sauce (Jeju specialty),A,名詞 (Noun / 명사)，如 사람（人）、집（家）。
5726,사리,sari,加料 / 配料 / 麵條加料（火鍋、部隊鍋額外加點的泡麵、年糕配料；如 라면사리 泡麵加料）,Additional noodles / topping add-on (for stew),A,名詞 (Noun / 명사)，如 사람（人）、집（家）。
5727,떡,tteok,年糕 / 韓式米糕（如辣炒年糕、部隊鍋年糕片、年糕湯）,"Rice cake, tteok",A,名詞 (Noun / 명사)，如 사람（人）、집（家）。
5728,수제비,sujebi,麵疙瘩 / 麵片湯（韓式傳統手工撕捏麵疙瘩，常當火鍋加料或主食）,Hand-pulled dough soup / noodles (sujebi),A,名詞 (Noun / 명사)，如 사람（人）、집（家）。
5729,밤 막걸리,bam makgeolli,栗子瑪格利酒（公州特產著名甜香栗子傳統米酒）,Chestnut rice wine (Makgeolli),A,名詞 (Noun / 명사)，如 사람（人）、집（家）。
5730,밤 먹걸리,bam meokgeolli,栗子瑪格利酒（밤 막걸리 的常見通俗音變/打字寫法）,Chestnut rice wine (spelling variant of 밤 막걸리),A,名詞 (Noun / 명사)，如 사람（人）、집（家）。
5731,처음처럼,cheoeum-cheoreom,初飲初樂燒酒 / 像最初一樣（樂天旗下國民人氣綠瓶燒酒品牌）,Chum Churum (popular Korean soju brand by Lotte),A,專有名詞 / 品牌 (Proper Noun / Brand)
5732,후레쉬,hureswi,真露 Fresh 燒酒（참이슬 Fresh，韓國市佔率最高經典藍標原味燒酒）,Chamisul Fresh (iconic HiteJinro soju),A,專有名詞 / 品牌 (Proper Noun / Brand)
5733,진로,jinro,真露（經典藍色復古青蛙燒酒品牌，漢字：眞露）,Jinro (historic soju brand featuring the blue toad),A,專有名詞 / 品牌 (Proper Noun / Brand)
5734,새로,saero,初飲初樂「零糖燒酒」Sae-ro（樂天無糖透明瓶燒酒，九尾狐吉祥物）,Saero zero-sugar soju (Lotte zero-sugar soju),A,專有名詞 / 品牌 (Proper Noun / Brand)
5735,테라,tera,TERRA 啤酒（HiteJinro 旗下極受歡迎的綠瓶澳洲麥芽碳酸啤酒）,Terra beer (popular Korean lager by HiteJinro),A,專有名詞 / 品牌 (Proper Noun / Brand)
5736,카스,kaseu,Cass 啤酒（OB 啤酒旗下長年銷量第一的清爽透明瓶國民啤酒）,Cass beer (best-selling Korean beer brand by OB),A,專有名詞 / 品牌 (Proper Noun / Brand)
5737,켈리,kelri,Kelly 啤酒（HiteJinro 推出的雙重熟成琥珀麥香啤酒，孫錫久代言）,Kelly beer (all-malt Korean beer by HiteJinro),A,專有名詞 / 品牌 (Proper Noun / Brand)
5738,뒤,dwi,後面 / 後方 / 背後（空間方位或時間在...之後）,Behind; back; rear,A,名詞 (Noun / 명사)，如 사람（人）、집（家）。
5739,비자,bija,簽證 / 簽注（出入境旅行許可；外來語 Visa）,Visa (entry/exit visa),A,名詞 / 外來語 (Noun / Loanword)
5740,러시아,reosia,俄羅斯（歐亞大國；外來語 Russia）,Russia,A,專有名詞 / 國家 (Proper Noun / Country)
5741,회사원,hoe-sa-won,上班族 / 公司職員（企業受雇人員；漢字：會社員）,Office worker; company employee,A,名詞 (Noun / 명사)，如 사람（人）、집（家）。
5742,오사카,osaka,大阪（日本關西著名大都會；日語地名外來語 Osaka）,Osaka,A,專有名詞 / 都市 (Proper Noun / City)
5743,드라마,deu-ra-ma,電視劇 / 韓劇 / 劇集（影視廣播劇；外來語 Drama）,Drama; TV series,A,名詞 / 外來語 (Noun / Loanword)
